BqVG175ndpx,https://www.instagram.com/p/BqVG175ndpx/,"11/18/2018 12:18:39pm",image,86,10,"Tullahoma, Tennessee",1,"Our volunteer restoration crew! Let's see what we can do!",001_11-18-2018
BqXkXDYn5cQ,https://www.instagram.com/p/BqXkXDYn5cQ/,"11/19/2018 11:15:03am",carousel,44,2,"",10,"All the control surfaces on a DC-3 are metal with a fabric covering. We recovered all control surfaces last winter. Except for rudder what was still on the airplane, we are doing it now at our shop in Deland Florida.",003_11-19-2018
BqaHyATBRzd,https://www.instagram.com/p/BqaHyATBRzd/,"11/20/2018 11:07:25am",video,47,1,"",1,"How many people does it take to install a new aileron on Mr. Douglas! lol.",005_11-20-2018
BqpoqZ-nusO,https://www.instagram.com/p/BqpoqZ-nusO/,"11/26/2018 11:38:59am",image,62,0,"Tullahoma, Tennessee",1,"Let's hang the right aileron , while Sox prepares the right engine to be removed. That right engines been on there inoperative for 18 years.",007_11-26-2018
BqtL3z7njqE,https://www.instagram.com/p/BqtL3z7njqE/,"11/27/2018 8:44:22pm",image,62,4,"",1,"Let's get this right engine off, it has not run in 18 years.
www.mrdouglas.org
#themrdouglassociety  #skydivemrdouglas #skydivedc3 #dc3restoration #dc3 #donate #freakbrothers #saveadc3 #skydive #WWII #warbird #charity #pilot #pilotlife",009_11-27-2018
Bqu2xAOnSqL,https://www.instagram.com/p/Bqu2xAOnSqL/,"11/28/2018 12:25:08pm",video,357,12,"Tullahoma, Tennessee",1,"We are raising funds to overhaul these large propellers, we need your donations to make it happen! 
www.mrdouglas.org",011_11-28-2018
Bq2e5wQH0gj,https://www.instagram.com/p/Bq2e5wQH0gj/,"12/01/2018 11:23:49am",image,621,4,"Tullahoma, Tennessee",1,"Has no fear! Mark Borghorst securing the chains to remove the right engine.
www.mrdouglas.org
.
#saveadc3 #skydivemrdouglas #sky #s #aviation #aviationlovers #pw1830engines #prattwhitney #pilot #pilotlife #skydive #skydiver",013_12-01-2018
Bq5gjyzngPg,https://www.instagram.com/p/Bq5gjyzngPg/,"12/02/2018 3:36:01pm",carousel,102,2,"",3,"Mr.Douglas closing the diamond aircraft formation in one of many World Record skydiving freefall formations, this one a 144 person diamond completed in Z-Hills FL in 1988. 
www.mrdouglas.org
.
.
#aviation #skydiver #skydivemrdouglas #pilot #dc3 #jump #jumping #jumpilots #worldrecord  #avgeek #aviationlovers #warbird #aircraftrestoration #respect",015_12-02-2018
Bq_JEuCnYBf,https://www.instagram.com/p/Bq_JEuCnYBf/,"12/04/2018 8:06:14pm",image,3744,11,"Opa-locka, Florida",1,"We have found two Pratt & Whitney 1830 - 75 engines, 1350 horsepower each. Both are 0 time since overhaul. We've completed the purchase of the first one and have made a deposit on the 2nd. 
www.mrdouglas.org
.
.
#flying #fly #instagram #instagramaviation #mrdouglas #dc3 #skydivers #skydiving #skyporn #skydivemrdouglas #aircraftrestoration #air #airplane #avgeek  #aviation #aviationlovers #avnerd #pilot #pilotlife #dc3restoration #roundmotors #pw1830engines #prattwhitney",017_12-04-2018
BrIs19snUXe,https://www.instagram.com/p/BrIs19snUXe/,"12/08/2018 1:11:58pm",image,1082,13,Hangar202,1,"Our Mr. Douglas DC-3 sitting on the ramp at the  McDonnell Douglas Corporation, Santa Monica California 1964. In service as an executive aircraft for Donald Douglas himself and his executives as transportation between his manufacturing plants in Southern California. Help us restore this historic aircraft. make a tax-deductible donation today👇
www.mrdouglas.org
.
.
.
#mrdouglas #dc3restoration #aviation #avgeek #avnerd #aviationlovers #dc3 #fly #flying  #themrdouglassociety #pilot #pilotlife #warbird #roundmotors #prattwhitney  #boeing #boeingcompany #boeinglovers #mcdonalddouglas #donalddouglas #themrdouglassociety #instagramaviation #sky #skydiver #skydiving",019_12-08-2018
BrQMutjnuJN,https://www.instagram.com/p/BrQMutjnuJN/,"12/11/2018 11:05:17am",carousel,236,3,"DeLand, Florida",2,"Veteran and volunteer Mike McGuire preparing the gearbox to receive the first accessories! Starters on. Let's Crank It Up! Let's make some noise and a lot of blue smoke!! Be apart of this historical restoration! 
Make a tax-deductible donation today: www.mrdouglas.org .
.
.
#saveadc3
#flying #fly #mrdouglas #dc3 #dc3restoration #warbird #avnerd #avgeek #aviation #aviationlovers #veterans #prattwhitney #boingcorp #aviationmechanic #roundmotors #pilot #pilotlife #sky #skydiving #skydivers #skydivemrdouglas #taxdeductabledonations #publiccharity #donate",021_12-11-2018
BrTLpRInKuQ,https://www.instagram.com/p/BrTLpRInKuQ/,"12/12/2018 2:53:31pm",carousel,74,2,"DeLand, Florida",2,"Mark is using a iron to heat shrink the ceconite 101 fabric nice and tight over the metal framework of the DC-3 rudder. Next step will be to Stitch the fabric to the metal ribs.
.
.
.
#dc3restoration #dc3 #stewartsystems #fly #flying #avnerd #aviation #avgeek #aviationlovers #pilot #pilotlife #boeing #boeingcompany #boeinglovers #airplane #airplanefabric #warbird #radialengine",023_12-12-2018
BrfxJkTnDYV,https://www.instagram.com/p/BrfxJkTnDYV/,"12/17/2018 12:12:07pm",carousel,83,10,"",3,"Rudder is ready for stitching, 486 individual stitches to complete each aileron! If you can guess the amount of stitches required to complete the rudder we will give you a free plane ride.
www.mrdouglas.org
.
.
.
.
#aviation #avnerd #aviationlovers #avgeek #aviationphotography #dc3 #dc3restoration #fly #flying #radialengine #airplanefabric #airplane #aircraftrestoration #aircraft 
#saveadc3 #followforfollowback",025_12-17-2018
BsDz6DjHk9u,https://www.instagram.com/p/BsDz6DjHk9u/,"12/31/2018 12:08:53pm",image,1750,9,"",1,"One year ago today I stopped by Tullahoma Airport to retrieve data plate information off the right engine. Today we are on schedule and under budget. We should have the plane flying in this new year.
https://www.mrdouglas.org/
.
.
#fly #flying #savethedate #save_a_dc3 #photography #photooftheday #dc3 #pilotslife #pilot #avnerd #avgeek #airplane #aircraft #boeingcompany #boeing #fun #radialengine #aircraftrestoration #donate #donor 
#philanthropy",027_12-31-2018
Bs6rGkCHEfA,https://www.instagram.com/p/Bs6rGkCHEfA/,"01/21/2019 7:31:46pm",video,146,26,"",1,"I'm posting this video in memory of the two lives lost Brian L. Stoltzfus and Curtis R. Wilkerson today January 21, 2019 at Preferred Airparts, LLC. In Kidron, Ohio.
I made this video in late November. Now I'm posting it with a heavy heart and with tears in my eyes.",029_01-21-2019
BtCBE0UnIU2,https://www.instagram.com/p/BtCBE0UnIU2/,"01/24/2019 3:59:30pm",video,117,0,"De Land, Florida",1,"Now that the stitching and taping are  complete on the fabric covered rudder let's get it ready for paint. The answer to how many stitches 320. All that made a guess on our previous post will receive a free ride or jump when we begin operations, Congratulations!!! Thank you for your participation!😊",031_01-24-2019
BtWhD8PH96U,https://www.instagram.com/p/BtWhD8PH96U/,"02/01/2019 3:01:10pm",image,181,9,"",1,"Today we finished making up all new hoses for this awesome Pratt & Whitney 1830-75 engine. .
.
.
.
#radialengine #photooftheday #fly #flying #fun #roundmotors #pilot #pilotslife #photography #prattwhitney #pilotlifestyle #aircraftrestoration #aircraft #air #airplane #sky #skydiving #boeingcompany #boeinglovers #boeing #dc3restoration #dc3training #dc3 #donalddouglas #aircraftspruce",033_02-01-2019
Bti6k24H-Vq,https://www.instagram.com/p/Bti6k24H-Vq/,"02/06/2019 10:47:43am",video,122,5,"DeLand, Florida",1,"final two coats of pre primer fabric sealer. The paint, primer and sealer are all water based. Much better for the environment and our brain cells! Were using the Stewart  Systems products.
.
.
.
.
.
.
@save_a_dc3 #stewartsystems #painting #aircraft #aircraftrestoration #stickandrudder #dc3plane #fly #flying #fun #avnerd #avgeek #aviationlovers #photooftheday #pilot #pilotlife #philanthropy",035_02-06-2019
BttcpaXHZvF,https://www.instagram.com/p/BttcpaXHZvF/,"02/10/2019 12:45:08pm",image,422,5,"",1,"The rudder getting it's Final high gloss coating under nervous supervision! Turned out Beautiful!!
www.mrdouglas.org
.
.
.
.
.
.
.
.
@save_a_dc3 #stewartsystems #painting #aircraft #aircraftrestoration #stickandrudder #dc3plane #fly #flying #fun #avnerd #avgeek #aviationlovers #photooftheday #pilot #pilotlife #philanthropy#radialengine #photooftheday #pilot #pilotslife #photography #pilotlifestyle #aircraft #air #airplane #sky #skydiving #boeingcompany #boeinglovers #boeing #dc3restoration #dc3",037_02-10-2019
BuAtIo8HhxU,https://www.instagram.com/p/BuAtIo8HhxU/,"02/18/2019 1:22:12am",video,132,2,"DeLand, Florida",1,"Today we are sending out the generators for overall, it's time to start doing all the accessories.
.
.
.
.
@save_a_dc3 #aircraft #aircraftrestoration #stickandrudder #dc3plane #fly #flying #fun #avnerd #avgeek #aviationlovers #photooftheday #pilot #pilotlife #radialengine #photooftheday #pilot #pilotslife #photography #pilotlifestyle #aircraft #air #airplane #sky #skydiving #boeingcompany #boeinglovers #boeing #dc3restoration #dc3",039_02-18-2019
BuHjfbcHNKy,https://www.instagram.com/p/BuHjfbcHNKy/,"02/20/2019 4:05:11pm",image,127,2,"",1,"Now that the rudder is complete let's get it out of the way until spring.
.
.
.
.
.
@save_a_dc3 #themrdouglassociety #aircraft #aircraftrestoration #stickandrudder #dc3plane #fly #flying #fun #avnerd #avgeek #aviationlovers #photooftheday #pilot #pilotlife #philanthropy#radialengine #photooftheday #pilot #pilotslife #photography #pilotlifestyle #aircraft #air #airplane #sky #skydiving #boeingcompany #boeinglovers #boeing #dc3restoration #dc3 #donalddouglas",041_02-20-2019
BuPPiI7Hlyt,https://www.instagram.com/p/BuPPiI7Hlyt/,"02/23/2019 3:44:43pm",image,114,1,"",1,"Time to put two engine mounts together. Hard to believe that these tubular mounts can hold the weight of a Pratt & Whitney 1830 - 75, with accessories 1,600 pounds.
.
.
.
.
.
#save_a_dc3
#radialengine #photooftheday #fly #flying #fun #roundmotors #pilot #pilotslife #photography #prattwhitney #pilotlifestyle #aircraftrestoration #aircraft #air #airplane #sky #skydiving #boeingcompany #boeinglovers #boeing #dc3restoration #dc3training #dc3 #donalddouglas #aircraftspruce",043_02-23-2019
BuTAXsln6zF,https://www.instagram.com/p/BuTAXsln6zF/,"02/25/2019 3:32:44am",video,152,4,"",1,"Prepping the engine mounts for paint.
.
.
.
.
.
.
.
@save_a_dc3 #themrdouglassociety #aircraft #aircraftrestoration #stickandrudder #dc3plane #fly #flying #fun #avnerd #avgeek #aviationlovers #photooftheday #pilot #pilotlife #philanthropy#radialengine #photooftheday #pilot #pilotslife #photography #pilotlifestyle #aircraft #air #airplane #sky #skydiving #boeingcompany #boeinglovers #boeing #dc3restoration #dc3 #donalddouglas",045_02-25-2019
BuUrQH7nV42,https://www.instagram.com/p/BuUrQH7nV42/,"02/25/2019 6:28:02pm",video,177,3,"North De Land, Florida",1,"DC-3 engine mounts getting their final coat of paint.
www.mrdouglas.org
.
.
.
.
.
.
@save_a_dc3 #aircraft #aircraftrestoration #dc3plane #fly #flying #fun #avnerd #avgeek #aviationlovers #photooftheday #pilot #pilotlife #radialengine #photooftheday #pilot #pilotslife #photography #pilotlifestyle #aircraft #air #airplane #sky #skydiving #boeingcompany #boeinglovers #boeing #dc3restoration #dc3 #donalddouglas",047_02-25-2019
Bug5IWGH3pr,https://www.instagram.com/p/Bug5IWGH3pr/,"03/02/2019 12:15:17pm",image,125,3,"North De Land, Florida",1,"Fixing the exhaust pan! Making a good one out of two bad one's. We have such talented volunteers.
www.mrdouglas.org
.
.
.
.
.
#save_a_dc3
#radialengine #photooftheday #fly #flying #fun #roundmotors #pilot #pilotslife #photography #prattwhitney #pilotlifestyle #aircraftrestoration #aircraft #air #airplane #sky #skydiving #boeingcompany #boeinglovers #boeing #dc3restoration #dc3training #dc3 #donalddouglas #aircraftspruce",049_03-02-2019
Bul2QOgHNub,https://www.instagram.com/p/Bul2QOgHNub/,"03/04/2019 10:34:36am",video,169,4,"",1,"Repairing the stainless steel pan. The pan surrounds the exhaust and keeps the excessive heat from destroying accessories or causing engine fire's.
www.mrdouglas.org
.
.
.
.
.
.
#save_a_dc3
#radialengine #photooftheday #fly #flying #fun #roundmotors #pilot #pilotslife #photography #prattwhitney #pilotlifestyle #aircraftrestoration #aircraft #air #airplane #sky #skydiving #boeingcompany #boeinglovers #boeing #dc3restoration #dc3training #dc3 #donalddouglas #aircraftspruce",051_03-04-2019
BumDTZXHMyW,https://www.instagram.com/p/BumDTZXHMyW/,"03/04/2019 12:20:23pm",image,93,4,"",1,"Dick & Hector secure the heat sheathing on hoses that will contain flammable liquids that could be exposed to excessive heat. Hector is a volunteer all the way from Santiago Chile.
www.mrdouglas.org
.
.
.
.
#save_a_dc3
#radialengine #photooftheday #fly #flying #fun #roundmotors #pilot #pilotslife #photography #prattwhitney #pilotlifestyle #aircraftrestoration #aircraft #air #airplane #sky #skydiving #boeingcompany #boeinglovers #boeing #dc3restoration #dc3training #dc3 #donalddouglas #aircraftspruce",053_03-04-2019
BurXGGQnRRj,https://www.instagram.com/p/BurXGGQnRRj/,"03/06/2019 1:49:32pm",image,152,1,"North De Land, Florida",1,"Doing an inventory on our exhaust parts! Sorting out the best ones to make two complete exhausts. Really nice to have extra parts that we will need in the future.
www.mrdouglas.org
.
.
.
.
.
@save_a_dc3  #aircraft #aircraftrestoration #stickandrudder #dc3plane #fly #flying #fun #avnerd #avgeek #aviationlovers #photooftheday #pilot #pilotlife #philanthropy#radialengine #photooftheday #pilot #pilotslife #photography #pilotlifestyle #aircraft #air #airplane #sky #skydiving #boeingcompany #boeinglovers #boeing #dc3restoration #dc3",055_03-06-2019
Buv5nNhHutO,https://www.instagram.com/p/Buv5nNhHutO/,"03/08/2019 8:08:06am",image,509,7,"",1,"Two complete Trans-Texas Airlines short stack exhaust systems, ready to be installed.
Short Stack exhaust are like having headers, what an awesome sound they make.
www.mrdouglas.org
.
.
.
.
.
@save_a_dc3  #aircraft #aircraftrestoration #stickandrudder #dc3plane #fly #flying #fun #avnerd #avgeek #aviationlovers #photooftheday #pilot #pilotlife #radialengine #photooftheday #pilotslife #photography #pilotlifestyle #aircraft #air #airplane #sky #skydiving #boeingcompany #boeinglovers #boeing #dc3restoration #dc3",057_03-08-2019
BvSGSNkH6hZ,https://www.instagram.com/p/BvSGSNkH6hZ/,"03/21/2019 3:53:01pm",image,608,7,"DeLand, Florida",1,"Fitting the Trans-Texas Airlines short stacks to the engine. Getting the alignment correct prior to putting the pan on.
Please follow us!!
.
.
.
.
.",059_03-21-2019
Bvb07itHM5s,https://www.instagram.com/p/Bvb07itHM5s/,"03/25/2019 10:33:47am",image,535,4,"DeLand, Florida",1,"Pratt & Whitney 1830 - 75 with reconditioned exhaust pan and engine mount time for accessories!
www.mrdouglas.org
.
.
.
.
.
.
@save_a_dc3  #aircraftrestoration #stickandrudder #dc3plane #fly #flying #fun #avnerd #avgeek #aviationlovers #pratt #prattwhitney #photooftheday #pilot #pilotlife #philanthropy #radialengine #photooftheday #pilot #pilotslife #photography #pilotlifestyle #aircraft #air #airplane #airplanes #airplane_lovers #sky #skydiving #dc3restoration #dc3",061_03-25-2019
BvnTjmwnhik,https://www.instagram.com/p/BvnTjmwnhik/,"03/29/2019 9:33:02pm",image,546,2,"DeLand, Florida",1,"Time for accessories! Carburetor capable of guzzling down 100 gallons an hour on takeoff. Just underneath to the right is a fresh overhauled Electric Tach Generator.
Follow us!
www.mrdouglas.org
.
.
.
.
@save_a_dc3 #staircraftaccessories #aircraftrestoration #stickandrudder #dc3plane #fly #flying #fun #avnerd #avgeek #aviationlovers #pratt #prattwhitney #photooftheday #pilot #pilotlife  #radialengine #pilot #pilotslife #photography #pilotlifestyle #aircraft #air #airplane #airplanes #airplane_lovers #sky #skydiving #dc3restoration #dc3",063_03-29-2019
Bv6u1Hdntgs,https://www.instagram.com/p/Bv6u1Hdntgs/,"04/06/2019 10:36:56am",image,550,15,"Opa-locka, Florida",1,"Yesterday we picked up our second engine, we now own two Pratt & Whitney 1830 - 75 Zero-time engines, 1350 horsepower each. We really want to thank you all for your heartfelt contributions, we could not be doing this without you!
Preserving our past for future generations to enjoy.
www.mrdouglas.org
.
.
.
.
.
.
@save_a_dc3  #aircraft #aircraftrestoration #stickandrudder #dc3plane #fly #flying #fun #avnerd #avgeek #aviationlovers #photooftheday #pilot #pilotlife #philanthropy#radialengine #photooftheday #pilot #pilotslife #photography #pilotlifestyle #aircraft #air #airplane #sky #skydiving #boeingcompany #boeinglovers #boeing #dc3restoration #dc3",065_04-06-2019
BwKACE8nloC,https://www.instagram.com/p/BwKACE8nloC/,"04/12/2019 8:55:51am",image,608,1,"DeLand, Florida",1,"Right engines complete! Ready to load it up for the trip to Tennessee.
Please follow us!
www.mrdouglas.org
.
.
.
.
.
@save_a_dc3  #aircraft #aircraftrestoration #stickandrudder #dc3plane #fly #flying #fun #avnerd #avgeek #aviationlovers #photooftheday #pilot #pilotlife #philanthropy#radialengine #photooftheday #pilot #pilotslife #photography #pilotlifestyle #aircraft #air #airplane #sky #skydiving #boeingcompany #boeinglovers #boeing #dc3restoration #dc3",067_04-12-2019
Bw1_htVnJZr,https://www.instagram.com/p/Bw1_htVnJZr/,"04/29/2019 10:58:01am",image,217,2,"Tullahoma Regional Airport",1,"Time to get to work, let's see what we can done this trip. This is Mr. Douglas setting on the ramp in Tullahoma, Tennessee.
www.mrdouglas.org .
.
.
.
.
#save_a_dc3 #aircraftrestoration #airport #dc3restoration #tullahoma #flying #airplane_lovers #airplanes",069_04-29-2019
Bw4kSdNnyd4,https://www.instagram.com/p/Bw4kSdNnyd4/,"04/30/2019 10:57:44am",image,201,11,"",1,"Time for some new shoes! These tires have been flat for 19 years. Thank You!  Desser Tire & Rubber Co for giving us a great deal on our tires! 
www.mrdouglas.org
.
.
.
.
.
.
.
@save_a_dc3  #aircraftrestoration #stickandrudder #dc3plane #fly #flying #fun #avnerd #avgeek #aviationlovers #photooftheday #pilot #pilotlife #philanthropy #radialengine #photooftheday #pilot #pilotslife #photography #pilotlifestyle #aircraft #air #airplane #airplanes #airplane_lovers #sky #skydiving #dc3restoration #dc3",071_04-30-2019
Bw8oj4qnAF2,https://www.instagram.com/p/Bw8oj4qnAF2/,"05/02/2019 12:52:01am",carousel,223,2,"Tullahoma Regional Airport",6,"New 17.00 x 16  12 ply  Desser,  Aero Classic tires & tubes.
Our volunteers are killing it!
www.mrdouglas.org
.
.
.
.
#aircrafttires #tires #tubes #dessertire #wheels #stickandrudder #dc3plane #fly #flying #fun #avnerd #avgeek #aviationlovers #photooftheday #pilot #pilotslife #photography #pilotlifestyle #aircraft #air #airplane #airplanes #airplane_lovers #sky #skydiving #dc3restoration #dc3",073_05-02-2019
BxAKZiyHw1P,https://www.instagram.com/p/BxAKZiyHw1P/,"05/03/2019 9:45:26am",image,661,19,"Tullahoma Regional Airport",1,"Installing a Zero-Time Pratt & Whitney 1830 - 75 engine on the right side of Mr. Douglas. 1,350 shaft horse power!! That's me shooting a live feed to document this historical restoration.
www.mrdouglas.org
.
.
.
.
@save_a_dc3  #aircraft #aircraftrestoration #stickandrudder #dc3plane #fly #flying #fun #avnerd #avgeek #aviationlovers #photooftheday #pilot #pilotlife #radialengine #prattwhitney #pratt #pilotslife #photography #pilotlifestyle #aircraft #air #airplane #sky #skydiving #boeingcompany #boeinglovers #boeing #dc3restoration #dc3",075_05-03-2019
BxNm0ntn9Vj,https://www.instagram.com/p/BxNm0ntn9Vj/,"05/08/2019 3:03:55pm",carousel,552,11,"Tullahoma Regional Airport",6,"Time to hang the rudder! All the control surfaces of a DC-3 are constructed of a metal frame work and then fabric-covered, a very labor-intensive process. We're glad that's behind us! They should be good for another 20 years now.
Our volunteers are killing it!!
www.mrdouglas.org  Follow Us.
.
.
.
.
.
@save_a_dc3 #stewartsystems #painting #aircraft #aircraftrestoration #stickandrudder #philanthropy#radialengine #photooftheday #pilot #pilotslife #photography #pilotlifestyle #aircraft #air #airplane #sky #skydiving #boeingcompany #boeinglovers #boeing #dc3restoration #dc3dc3plane #fly #flying #fun #avnerd #avgeek #aviationlovers #photooftheday #pilot #pilotlife #",077_05-08-2019
BxYOEfQHsxu,https://www.instagram.com/p/BxYOEfQHsxu/,"05/12/2019 5:59:17pm",image,512,6,"",1,"Engine #2 is on the airplane, this is engine #1 for the left side. All we need now is a spare! Florida Air Cargo has another Pratt & Whitney 1830 - 75  with 500 hrs. total time. We can buy outright for $35,000 Dollars. I hope we can purchase it soon. If you would like to help, make a tax deductible donation on our website.
www.mrdouglas.org
.
.
.
.
@save_a_dc3  #aircraft #aircraftrestoration #stickandrudder #dc3plane #fly #flying #fun #avnerd #avgeek #aviationlovers #photooftheday #pilot #pilotlife #radialengine #prattwhitney #pilotslife #photography #pilotlifestyle #aircraft #air #airplane #sky #skydiving #boeingcompany #boeinglovers #boeing #dc3restoration #dc3",079_05-12-2019
Bxh12cmJdEW,https://www.instagram.com/p/Bxh12cmJdEW/,"05/16/2019 11:40:03am",carousel,681,20,"",3,"Joe says it's time to work on the instrument panel! We are getting rid of all the vacuum gauges and replacing them with electrical. Okay #garminaviation here is your chance!
mrdouglas.org
.
.
.
.
@save_a_dc3 # #garminaviation #garminavionics #avionics #aircraft #aircraftrestoration #stickandrudder #dc3plane #fly #flying #fun #avnerd #avgeek #aviationlovers #photooftheday #pilot #pilotlife #philanthropy#radialengine #photooftheday #pilot #pilotslife #photography #pilotlifestyle #aircraft #air #airplane #sky #skydiving #boeingcompany #boeinglovers #boeing #dc3restoration #dc3",081_05-16-2019
BxunnRNpi4g,https://www.instagram.com/p/BxunnRNpi4g/,"05/21/2019 10:45:46am",carousel,355,2,"",3,"Left engine pan needs some serious cleaning, any volunteers? We'll have to use a Soda blaster, because sand will damage the surface of the stainless steel pan. Thank you dick Higley for taking on this tedious job. The pan looks great now.
www.mrdouglas.org
.
.
.
.
.
@save_a_dc3  #aircraft #aircraftrestoration #stickandrudder #dc3plane #fly #flying #fun #avnerd #avgeek #aviationlovers #photooftheday #pilot #pilotlife #radialengine #prattwhitney #pilotslife #photography #pilotlifestyle #aircraft #air #airplane #sky #skydiving #boeingcompany #boeinglovers #boeing #dc3restoration #dc3",083_05-21-2019
BxxKFnuJy6V,https://www.instagram.com/p/BxxKFnuJy6V/,"05/22/2019 10:25:30am",image,433,10,"",1,"Mr. Douglas has a visitor! Flagship Detroit what a gorgeous DC-3. Can't wait to see Mr. D in this condition! 
www.mrdouglas.org
.
.
.
#flagship #flagshipdetroit #photooftheday #pilotlife #stickandrudder #dc3 #donalddouglas #mrdouglas #mcdonnelldouglas #fun
#fly",085_05-22-2019
ByG0oL9JLKc,https://www.instagram.com/p/ByG0oL9JLKc/,"05/30/2019 8:21:16pm",carousel,300,4,"",3,"DC-3 Oil cooler bracket cleaned, sandblasted, primered and painted. It's like new again, so many pieces parts! It's such a labor of love! 
#followus #donate 
www.mrdouglas.org
.
.
.
.
.
.
#oil #oilcooler #aircraft #aircraftrestoration #piecesparts #stickandrudder #dc3plane #avnerd #avgeek #aviationlovers #photooftheday #boeing #dc3restoration #dc3",087_05-30-2019
ByZQcOJpNKx,https://www.instagram.com/p/ByZQcOJpNKx/,"06/07/2019 12:10:38am",image,411,2,"",1,"This morning June 6th 2019, we watched the Reenactment Ceremony commemorating the 75 Anniversary of the D-Day Invasion. We watched in Awe as the formation of Dakotas crossed the English Channel to drop their jumpers in Normandy. We are very humbled and overwhelmed with pride as we installed the Left Elevator this afternoon on Mr. Douglas. It's so important that we preserve our history for future generations to learn about, and enjoy. .
.
.
#dakotas #reenactment #dday #ddayreenactment #fabricwork #dc3 
#aircraftrestoration #tailwheel #pilots",089_06-07-2019
BygCk6lBeY8,https://www.instagram.com/p/BygCk6lBeY8/,"06/09/2019 3:28:34pm",video,513,9,"Tullahoma, Tennessee",1,"Time to upgrade the instrument panel. Which wire goes to what? We removed about 10 lb of old avionic harnesses. I'm glad Joe knows what he's doing!
www.mrdouglas.org.
.
.
.
.
#avionics #garminaviation #avionicstechnician #dc3 #dc3dakota #dc3plane #dc3restoration #restoration",091_06-09-2019
BykaZ1UhZSa,https://www.instagram.com/p/BykaZ1UhZSa/,"06/11/2019 8:09:41am",video,488,7,"",1,"Time to try boomerang on Instagram! We have a line on new engine control knobs if anybody needs them. We will be replacing all of ours. Be sure to #followus because we need #followers 
www.mrdouglas.org
.
.
.
.
@save_a_dc3  #followus #aircraft #aircraftrestoration #stickandrudder #dc3plane #fly #flying #fun #avnerd #avgeek #aviationlovers #photooftheday #pilot #pilotlife #radialengine #prattwhitney #pilotslife #photography #pilotlifestyle #aircraft #air #airplane #sky #skydiving #boeingcompany #boeinglovers #boeing #followers",093_06-11-2019
BypxQmIJnoF,https://www.instagram.com/p/BypxQmIJnoF/,"06/13/2019 10:05:15am",carousel,649,3,"Tullahoma, Tennessee",6,"All new control surfaces On! 
Mark don't worry that's just a small funnel cloud!
www.mrdouglas.org
.
.
.
#followus #stewartsystems #painting #aircraft #aircraftrestoration #stickandrudder  #photooftheday #pilotlifestyle #aircraft #air #airplane #sky #dc3dc3plane #fly #flying #fun #avnerd #avgeek #aviationlovers #photooftheday #pilot #pilotlife",095_06-13-2019
BysXXsCpOd5,https://www.instagram.com/p/BysXXsCpOd5/,"06/14/2019 10:16:45am",image,742,0,"DeLand, Florida",1,"Volunteer and Vietnam Veteran, Mike McGuire ( Mad Dog ) making up new hoses for the DC-3's instrument panel, at our shop in DeLand Florida. Let's keep him busy make a donation today to SAVE-A-DC-3 The Mr. Douglas Society Inc. 👇
www.mrdouglas.org
.
.
.
.
#volunteer #vietnam #veterans #notforprofit #donate #philanthropy #foundation #sponsor #sponsorshipopportunity #sponsored",097_06-14-2019
By76IiHD3Cc,https://www.instagram.com/p/By76IiHD3Cc/,"06/20/2019 11:09:24am",video,360,5,"",1,"DC-3 engine control knobs are hard to find!
Joe's son made these on a 3D printer they fit perfectly!
#followus
www.mrdouglas.org
.
.
.
.
#3dprinting #aircraftspruce #preferredairparts #aircraftspruce #airplane_lovers #avnerd #avgeek #tradeaplane #restoration # dc3 #piecesparts #fly #skydiving",099_06-20-2019
BzGqyROJ_Si,https://www.instagram.com/p/BzGqyROJ_Si/,"06/24/2019 3:26:39pm",carousel,494,7,"",3,"Sox pre-fitting the Trans Texas Airlines short stack exhaust system on the #1 left side engine for Mr. Douglas. Awesome job Sox!! #prattwhitney 
www.mrdouglas.org
.
.
.
.
#exhaustsounds #exhaust #cool #radialengine #dc3plane #dc3 #fun #avnerd #aviation #avgeek",101_06-24-2019
BzI3ywnJiPD,https://www.instagram.com/p/BzI3ywnJiPD/,"06/25/2019 11:58:48am",carousel,317,1,"",2,"#1 left engine DC-3 fire shield getting a good cleaning before installation. That's not snow on the ground in June, that's soda from the soda blaster. Great job Dick!
#aircooled
www.mrdouglas.org
.
.
.
.
#radialengine #engine #fun #avnerd #boing #boingcorp",103_06-25-2019
BzLcdWJJQwS,https://www.instagram.com/p/BzLcdWJJQwS/,"06/26/2019 11:57:40am",carousel,339,4,"",3,"Engine baffling ensures even flow of cooling air around the cylinders, without the baffling cooling air would pass through the engine and not cool the backside of the cylinders. Now that the fire shield is in place we can put on overhauled accessories. The bolts you see hold the pan and the engine mount to the engine. #aircooled 
www.mrdouglas.org
.
.
.
.
@save_a_dc3  #aircraftrestoration #stickandrudder #dc3plane #fly #flying #avnerd #avgeek #aviationlovers #pratt #prattwhitney #photooftheday #pilot  #philanthropy #radialengine #photooftheday #pilot #pilotslife #photography #pilotlifestyle #aircraft #air #airplane #dc3",105_06-26-2019
BzTIwF8pFxG,https://www.instagram.com/p/BzTIwF8pFxG/,"06/29/2019 11:39:23am",image,308,2,"",1,"The Team in Deland Florida installing accessories and final adjustment to the exhaust before we install the pan and engine mount. #prattwhitney
.
.
.
#getitdone #engineoverhaul #dc3plane #volunteer #veterans #goodjob",107_06-29-2019
BzWCHW_pf2c,https://www.instagram.com/p/BzWCHW_pf2c/,"06/30/2019 2:39:07pm",carousel,119,3,"",4,"DC-3 left side engine coming together!
Installation of the Pan and Engine Mount today. #prattwhitney 1830 - 75  this engine  will produce 1,350 shaft horsepower! 
www.mrdouglas.org
.
.
.
.
#donatetoday #dc3restoration #engineoverhaul #engine #charity #give 
#pilotslife #aviation #boingcorp #boing",109_06-30-2019
BzyEd1YpQH2,https://www.instagram.com/p/BzyEd1YpQH2/,"07/11/2019 11:58:24am",carousel,517,7,"",3,"Headfirst into the belly of the beast!
Joe Nepute really diving into the nose of Mr. Douglas as we replace engine instrument hoses. #aircraftspruce 
www.mrdouglas.org
.
.
.
.
.
#flightinstruments #hoses #fun #dc3plane #restoration #garminaviation #photooftheday #boingcorp",111_07-11-2019
Bz5Z5hzppvO,https://www.instagram.com/p/Bz5Z5hzppvO/,"07/14/2019 8:20:22am",carousel,594,0,"Tullahoma Regional Airport",3,"Tom Hayes (Capt.36), I have your job today! Replacing the rubber mounts in the instrument panel mounting brackets. It's only 99 degrees in the shade! Thank you Lord for this cool breeze. #garminaviation 
www.mrdouglas.org
.
.
.
.
.
@save_a_dc3  #garminavionics #avionics #aircraft  #stickandrudder #dc3plane #fly #flying #fun #avnerd #avgeek #aviationlovers #photooftheday #pilot #pilotlife #philanthropy #radialengine #photooftheday #pilot #pilotslife #photography #skydiving #boeingcompany #boeinglovers",113_07-14-2019
B0ESJBFJIt1,https://www.instagram.com/p/B0ESJBFJIt1/,"07/18/2019 1:44:13pm",image,446,0,"",1,"We need donations to upgrade the new instrument panel in Mr. Douglas.
If you would like to contribute please follow the link on our website. 
www.mrdouglas.org
.
.
.
. 
#501c3 #please #help #donatetoday #philanthropy",115_07-18-2019
B0i3w5LJ_5n,https://www.instagram.com/p/B0i3w5LJ_5n/,"07/30/2019 10:50:11am",carousel,682,0,"DeLand, Florida",5,"Fire suppression ring installed and ready to be hooked up. I hope we never have to use it.
#fire 
www.mrdouglas.org
.
.
.
.
.
.
#firesuppressionsystem #firesuppression #prattwhitney #boeingcompany #enginefire 
#aircraft #dc3plane #dc3lovers",117_07-30-2019
B1L00vQHBVP,https://www.instagram.com/p/B1L00vQHBVP/,"08/15/2019 8:34:08am",video,713,3,"DeLand Municipal Airport",1,"Making sure all the rear cowl parts fit.
mrdouglas.org
#prattwhitneypowered
.
.
.
.
.
.
#engineoverhaul #maintenance
#dc3plane #fun
#dc3lovers #photooftheday",119_08-15-2019
B1wSQgmJhhe,https://www.instagram.com/p/B1wSQgmJhhe/,"08/29/2019 12:23:13pm",carousel,604,1,"",2,"We are offering at auction this historic original Mister Douglas t-shirt from 1976. Thanks Larry for preserving it all these years, and donating it to The Mr. Douglas Society Inc. After talking to the designer Karen McClarty in DeLand, FL as to the t-shirts history, we believe it to be the first t-shirt promoting this historic aircraft. So we had Karen sign it and dated it. 
Just place your bid in the comment section and hopefully you'll be the one to receive this beautiful t-shirt.",121_08-29-2019
B17Q77uJmVd,https://www.instagram.com/p/B17Q77uJmVd/,"09/02/2019 6:43:19pm",image,673,4,"",1,"New Power Plant Control Knobs!  Mixture, Throttle and Propeller!! #prattandwhitney 
mrdouglas.org
.
.
.
.
.
.
 #aircraft #aircraftrestoration #stickandrudder #dc3plane #fly #flying #fun #avnerd #avgeek #aviationlovers #photooftheday #pilot #pilotlife #philanthropy #radialengine #photooftheday #pilot #pilotslife #photography #pilotlifestyle #air #airplane #sky #skydiving #boeingcompany #boeinglovers #boeing #dc3restoration #dc3",123_09-02-2019
B2RhFgnJNsP,https://www.instagram.com/p/B2RhFgnJNsP/,"09/11/2019 10:07:44am",image,690,10,"",1,"Nothing like a box of freshly overhauled engine instrument gauges! Can't wait to see them installed in the new panel were having made.
www.texasaircraft@sbcglobal.net .
.
.
.
#aircraftinstruments #aircraftspruce #prattwhitneypowered #gauges #aircraftgauges #funstuff #dc3lovers #tailwheelpilot",125_09-11-2019
B2WvZsxJdIh,https://www.instagram.com/p/B2WvZsxJdIh/,"09/13/2019 10:49:01am",carousel,765,3,"Tullahoma Regional Airport",4,"This is our temporary tie down while Tullahoma Regional Airport host the AOPA Convention. Once the event is over we'll be back in our normal spot, and tied down properly!
www.mrdouglas.org
.
.
.
.
#save_a_dc3
#aopa #kubota #tractor #tiedown 
#mrdouglas #kubotatractor #dc3",127_09-13-2019
B2Zkfa5pQsM,https://www.instagram.com/p/B2Zkfa5pQsM/,"09/14/2019 1:11:24pm",carousel,724,1,"Tullahoma Regional Airport",2,"Installing the engine gauges to their perspective hoses, we will install them into the temporary panel once we receive some of our overhauled flight instruments.
www.mrdouglas.org
.
.
.
.
.
#flying #fly #mrdouglas #dc3 #dc3restoration #warbird #avnerd #avgeek #aviation #aviationlovers #veterans #prattwhitney #boingcorp #aviationmechanic #roundmotors #pilot #pilotlife #sky #skydiving #skydivers #skydivemrdouglas #taxdeductabledonations #publiccharity #donate",129_09-14-2019
B215vdMnNfG,https://www.instagram.com/p/B215vdMnNfG/,"09/25/2019 2:05:43pm",video,724,3,"DeLand Municipal Airport",1,"Painting up the temporary instrument panel so we can install our newly overhauled engine gauges and flight instruments.
www.mrdouglas.org
.
.
.
.
#flight #flightinstruments #pilots #piloteyes #dc3lovers #paint #crylon
#spraypaint",131_09-25-2019
B3UwNWuJ60Q,https://www.instagram.com/p/B3UwNWuJ60Q/,"10/07/2019 12:48:59pm",image,91,0,"Sanborn Activity Center",1,"60 year Anniversary of Skydiving at the Wayne G. Sanborn Activities Center, DeLand, Florida. November 9, 2019.
www.mrdouglas.org
.
.
.
.
#funstuff #events #fun #everyone #yourinvited #skydiving #skydivemrdouglas #pilots #dc3lovers",133_10-07-2019
B35aNQRAuWu,https://www.instagram.com/p/B35aNQRAuWu/,"10/21/2019 6:28:38pm",carousel,193,4,"",4,"It's good to be back on the job in Tullahoma Tennessee. We are going to hang the left engine tomorrow. 
www.mrdouglas.org
#dc3lovers
.
.
.
.
#aircraft #aircraftrestoration #stickandrudder #dc3plane #fly #flying #fun #avnerd #avgeek #aviationlovers #photooftheday #pilotlife #radialengine #photooftheday #pilot #pilotslife #photography #pilotlifestyle #aircraft #air #airplane #sky #skydiving #boeingcompany #boeinglovers #boeing #dc3restoration #dc3",135_10-21-2019
B373j7KgXWY,https://www.instagram.com/p/B373j7KgXWY/,"10/22/2019 5:24:30pm",video,166,4,"Tullahoma Regional Airport",1,"Hanging the left side engine today, on the ramp at the Tullahoma Regional Airport. Quite a relief having both zero time engines installed on Mr. Douglas!!",137_10-22-2019
B4Dq3uYhZdY,https://www.instagram.com/p/B4Dq3uYhZdY/,"10/25/2019 6:10:43pm",video,142,6,"",1,"Left side oil tank installation. Pratt & Whitney 1830 engines consume about a gallon of oil per flight hour.",139_10-25-2019
B4KYzbGprH4,https://www.instagram.com/p/B4KYzbGprH4/,"10/28/2019 8:43:27am",carousel,190,15,"Tullahoma Regional Airport",2,"Mr.Douglas feeling strong at the Tullahoma Regional Airport. Standing proud with two zero time engines.
#prattwhitney 
www.mrdouglas.org
.
.
.
.
#aircraft #aircraftrestoration #stickandrudder #dc3plane #fly #flying #fun #avnerd #avgeek #aviationlovers #photoofthedray #pilot #pilotlife #radialengine #photooftheday #pilotslife #photography #pilotlifestyle #aircraft #air #airplane #sky #skydiving #boeingcompany #boeinglovers #boeing #dc3restoration #dc3",141_10-28-2019
B4doP9HJlFK,https://www.instagram.com/p/B4doP9HJlFK/,"11/04/2019 7:04:00pm",carousel,136,4,"",3,"Replacing shock mounts for the instrument panel. Glad thats done!
#aircraftinstruments 
www.mrdouglas.org
.
.
.
.
#aircrafts #aircraftspruce #prattwhitneypowered #gauges #aircraftgauges #funstuff #dc3lovers #tailwheelpilot",143_11-04-2019
B4idrFXJwxV,https://www.instagram.com/p/B4idrFXJwxV/,"11/06/2019 4:07:47pm",image,133,1,"",1,"Installed flight instruments and engine instruments in the temporary panel today.
www.mrdouglas.org
.
.
.
.
@save_a_dc3  #garminavionics #avionics #aircraft  #stickandrudder #dc3plane #fly #flying #fun #avnerd #avgeek #aviationlovers #photooftheday #pilot #pilotlife #philanthropy #radialengine #photooftheday #pilot #pilotslife #photography #skydiving #boeingcompany #boeinglovers",145_11-06-2019
B4ste_tgIPi,https://www.instagram.com/p/B4ste_tgIPi/,"11/10/2019 3:38:21pm",image,47,0,"Sanborn Activity Center",1,"The Mr. Douglas Society Inc, was at the 60 Years of Skydiving: EXPO. In DeLand FL.  We would like to thank you for your heart felt donations. It's a challenging project, but with you're encouraging words and your continued support, Mister Douglas will fly again!
www.mrdouglas.org
.
.
.
.
#aircraft #aircraftrestoration #stickandrudder #dc3plane #fly #flying #fun #avnerd #avgeek #aviationlovers #pilot #pilotlife #radialengine #photooftheday #pilotslife #photography #pilotlifestyle #aircraft #air #airplane #sky #skydiving #boeingcompany #boeinglovers #boeing #dc3restoration #dc3",147_11-10-2019
B5vdWa6piDr,https://www.instagram.com/p/B5vdWa6piDr/,"12/06/2019 1:46:29pm",image,32,1,"Valparaiso, Indiana",1,"Great Quality Mr. Douglas T-shirts are now available for Christmas! 
We have Ladies V- necks
$25 dollar donation that includes shipping.
To order email me:
 mrouse@mrdouglas.org",149_12-06-2019
B6tYe7KJSz7,https://www.instagram.com/p/B6tYe7KJSz7/,"12/30/2019 2:56:52pm",image,149,2,"Valparaiso, Indiana",1,"Wishing everyone a prosperous New Year. Help us make Mister Douglas fly in this new year by making ( SAVE-A-DC-3 The Mr. Douglas Society Inc.) apart of your yearly charitable contributions list. All donations are tax deductible. Thank you so much for your continued support.
mrdouglas.org .
.
.
.
.
.
#publiccharity #photography #501c3 #philanthropy #donate #donatetoday #foundation #fundraiser #fundraising #fun",151_12-30-2019
B9PMUcepVwf,https://www.instagram.com/p/B9PMUcepVwf/,"03/02/2020 11:07:33am",carousel,122,1,"DeLeon Springs, Florida",4,"We picked up some hard to find cowling parts in Griffin Georgia the other day, now we need to get the baked on paint off of them! not such an easy task.
www.mrdouglas.org
#paint
.
.
.
.
#painting #paintstripping #dc3 #funny 
#airplane #restoration #fly #flying #pilot #pilotlife",153_03-02-2020
B9aeU1tpW2n,https://www.instagram.com/p/B9aeU1tpW2n/,"03/06/2020 8:16:32pm",carousel,108,7,"",5,"Overhauling the fire detector
sensors with all new copper conduits thanks to Airflex Industries Inc. .
.
.
#airplane #conduit #electrical #aircraft
#dc3 #mcdonnelldouglas #firedetection #sensors",155_03-06-2020
B9j6ieBpycI,https://www.instagram.com/p/B9j6ieBpycI/,"03/10/2020 1:16:13pm",image,183,3,"",1,"Battery box tray's have been rebuilt to hold some new Gill 88 batteries. Now we just need the batteries! Lol
Donate today at:
www.mrdouglas.org
.
.
.
.
#gillbattery #dc3 #restoration #aircraftbattery #concordebattery #leadacidbattery #leadacidbatteryreplacement",157_03-10-2020
B-Z05D-AV2b,https://www.instagram.com/p/B-Z05D-AV2b/,"03/31/2020 11:50:33am",video,244,4,"",1,"Right engine oil tank cleaned repaired and ready to be installed. We were hoping to get the tank installed in early to mid April. Now that we are all sheltered in place, we are not sure. So we are continuing to work on what we can in the shop. 
www.mrdouglas.org
.
.
.
.
.
#publiccharity #501c3 #philanthropy #donate #donatetoday #foundation #fundraiser #fundraising #fun
#aircraft #dc3plane #fly #flying #fun #avnerd #avgeek #aviationlovers #pilot #pilotlife #radialengine #prattwhitney #pratt #pilotslife #photography #pilotlifestyle #aircraft #air #airplane #sky #boeingcompany",159_03-31-2020
B_gYErujYQQ,https://www.instagram.com/p/B_gYErujYQQ/,"04/27/2020 9:24:34pm",video,285,5,"",1,"DC-3 Carburetor air box and how it functions. Thanks Dan for the rubber boot!
.
.
.
.
.
#carburetor #carbheat #prattwhitney #pw1830engines #dc3restoration #dc3dakota #engine #radialengine #aircraft #airplane #pilotslife #aircraftmechanic #aircraftmaintenance",161_04-27-2020
CBdjhWaAF52,https://www.instagram.com/p/CBdjhWaAF52/,"06/15/2020 12:05:14pm",carousel,301,7,"",4,"Preventive maintenance! Jim and I stop by Tullahoma Tennessee on Thursday to lube control surface bearings. We also stoped in Atlanta and dropped off the rest of the oil line hoses to be rebuild. 
mrdouglas.org
.
.
.
.
.
#dc3restoration #misterdouglas #oil #oillines #oiltank #fabric #fabrication #bearings #controlsurface #pilotslife #fun 
#photooftheday",163_06-15-2020
CI3dVuogQgj,https://www.instagram.com/p/CI3dVuogQgj/,"12/16/2020 12:11:13pm",image,312,12,"",1,"The Mr. Douglas Society would like to thank our Donors for there continued support during this pandemic. Now that a vaccine will soon be available, we will be ramping up to complete the restoration project. If everything goes well we should have Mister Douglas running this summer.
www.mrdouglas.org
.
.
.
.
.
#aircraft #airplane #dc3 #pilot #taildragger #typerating #donor #philanthropy #philantrophy #giving #commercialpilot #fun #photooftheday #photography #aircraftrestoration",165_12-16-2020
CJghGQmg0lH,https://www.instagram.com/p/CJghGQmg0lH/,"01/01/2021 10:52:56am",image,197,13,"",1,"Wishing everyone a great New Year!
This is Mister Douglas back in the early 70's.
Thanks Jerry Irwin for sharing this awesome photo.
.
.
.
.
#dc3 #happynewyear #happyholidays #aircraftrestoration #skyphotography #skyporn #sky #photooftheday #photo #airplane #pilotlife",167_01-01-2021
COMRmlQAIPH,https://www.instagram.com/p/COMRmlQAIPH/,"04/27/2021 9:49:41pm",image,134,2,"",1,"We are back to work on the restoration of this great airplane! We want to thank our volunteers for their continued commitment to this awesome project! We'd like to give a thunderous applause to our donors for their continued support, we can't do this without you! Thank you so much, for your heartfelt donations.
www.mrdouglas.org
.
.
#dc3dakota #restoration #donate #historic #airplanes",169_04-27-2021
COQhreFgSfL,https://www.instagram.com/p/COQhreFgSfL/,"04/29/2021 1:27:43pm",video,227,3,"",1,"Let's get this cowling off and get to work!
mrdouglas.org
.
.
.
.
#aircraft #aircraftrestoration #stickandrudder #dc3plane #fly #flying #fun #avnerd #avgeek #aviationlovers #photoofthedray #pilot #pilotlife #radialengine #photooftheday #pilotslife #photography #pilotlifestyle #aircraft #air #airplane #sky #skydiving #boeingcompany #boeinglovers #boeing #dc3restoration #dc3",171_04-29-2021
COTQ9KRg1a3,https://www.instagram.com/p/COTQ9KRg1a3/,"04/30/2021 2:58:43pm",carousel,152,0,"",4,"Battery boxes rebuilt and installed. Another task completed now we just need some new batteries!
www.mrdouglas.org
.
.
.
.
.
.
#batteries #aircraftmaintenance #airplane #boeingcompany #boeinglovers #gillbattery #dc3restoration #dc3lovers",173_04-30-2021
CQoDZthAzZj,https://www.instagram.com/p/CQoDZthAzZj/,"06/27/2021 9:58:28am",video,572,7,"",1,"Are our volunteers hard at work getting our favorite jump airplane ready to fly again! It's truly a labor of love!
mrdouglas.org
.
.
.
.
.
#dc3 #aircraftrestoration #boeinglovers #airplane #aircraftmaintenance #radialengine",175_06-27-2021
CSZsQaRgOpR,https://www.instagram.com/p/CSZsQaRgOpR/,"08/10/2021 12:58:18pm",image,158,4,"",1,"You sure this is the right size fitting? Compression fitting on the new oil line. We were having some problems with so Mark pulled out the book the double check! It's the right one just takes a little more patience! LOL
#aircraftspruce 
.
.
.
.
#aircraftrestoration #oilline #radialengine #compressionfittings",177_08-10-2021
CTdhSlcAqaB,https://www.instagram.com/p/CTdhSlcAqaB/,"09/05/2021 9:13:48pm",video,177,4,"Deland Airport",1,"It's much easier building oil line hoses when you have a shop to work in! I want to thank the guys in Texas for offering to make them up for us. It's such a labor of love!
mrdouglas.org
.
.
.
.
.
#oil #aeroshell #phillips66 #firesleeve #compressionfittings #mandrill #hose #hoseclamp #dc3",179_09-05-2021
CT5xM2Lgbqj,https://www.instagram.com/p/CT5xM2Lgbqj/,"09/16/2021 8:28:35pm",carousel,195,4,"",2,"This is what happens when you crank down the lower halves of the engine cowling too tight for for 75 years. It crushes the substructure. Glad we had old cowlings that we could take apart and replace the crushed pieces.
mrdouglas.org
.
.
.
.
.
#airplanestuff #airplanelovers #pilotlife #airplanephotos #fun #dc3dakota #dc3restoration #aircraftmaintenance #rivets",181_09-16-2021
CUJo8M0gNTa,https://www.instagram.com/p/CUJo8M0gNTa/,"09/23/2021 12:24:16am",image,159,7,"",1,"Sent out the right and left auxiliary boost bumps for overhaul today. Prop Governors went out last week, these are the last of the accessories to be overhauled. Everything firewall forward will be complete! Both engines. Anybody wishing to make a donation, Now would be a good time!  Thank You All for your continued support.
mrdouglas.org
. 
.
.
.
.
#fuel #boost #pumps #aviationdaily #dc3restoration",183_09-23-2021
CU6NFqOjfW1,https://www.instagram.com/p/CU6NFqOjfW1/,"10/11/2021 9:04:12pm",video,222,3,"",1,"Oil systems complete! Time to fill it up with oil. We put 10 gallons in today and if there's still 10 gallons in it tomorrow, will put in another 10 in. LOL
mrdouglas.org
#phillips66 #oil #aviation #aviationlovers #radialengine #picoftheday #funnyvideos",185_10-11-2021
CU_BaJbg99S,https://www.instagram.com/p/CU_BaJbg99S/,"10/13/2021 5:57:49pm",image,191,1,"",1,"We set up our display booth for the Beechcraft Museum fly in. At the same time Mark and I are hooking up the linkages on the left engine carburetor.
mrdouglas.org
.
.
.
.
.
#flyin #beechcraft #museum #history #aircraft #airplanephotos #photoofthedray",187_10-13-2021
CWDnGiHgb96,https://www.instagram.com/p/CWDnGiHgb96/,"11/09/2021 8:15:32am",carousel,202,3,"",3,"Tom installing the overhauled prop governor, we are ready to install the left side propeller having just completed all AD's, and completely reworked. This one is good for another 5 years.
mrdouglas.org
.
.
.
.
.
.
#hamiltonstandard #airplanepropeller #photooftheday #pratwhitney #dc3 #dc3restoration",189_11-09-2021
CWkKpK7gWmL,https://www.instagram.com/p/CWkKpK7gWmL/,"11/21/2021 11:41:48pm",image,98,0,"",1,"Fuel screens look good! Should be like new after a trip to the ultrasonic cleaner. I didn't know what we would find after 21 years of sitting. Pleasantly surprised! 
mrdouglas.org
. 
.
.
.
#100ll #avationlovers #fuelscreen #fuelsystem #dc3restoration",191_11-21-2021
CW9GsrPJvUr,https://www.instagram.com/p/CW9GsrPJvUr/,"12/01/2021 4:08:20pm",carousel,152,2,"",3,"Left engine cowlings all repaired and prepped for paint. Mark wants to paint the inside of the cowlings so dirt and grime is easily removed. Now's the time to do it, before all the actuator hardware for the cowl flaps are installed.
.
.
.
.
.
#aircraft #dc3 #airplanes #photooftheday #fun #paintprep",193_12-01-2021
CW-4aleA8dO,https://www.instagram.com/p/CW-4aleA8dO/,"12/02/2021 9:03:25am",video,60,0,"",1,"We're going to have the nicest cowlings on the flight line! Painting the inside of the cowling will make it much easier to clean.
.
.
.
.
#painting #aircraft #dc3 #restoration #donate #photooftheday #vintage #video",195_12-02-2021
CXEMCXQFdX4,https://www.instagram.com/p/CXEMCXQFdX4/,"12/04/2021 10:09:41am",carousel,90,0,"",2,"Are Springs are sprung! Time for some new ones! These are cowling fastener springs.
mrdouglas.org
.
.
.
.
.
#dc3dakota #radialengine #maintenance #airplanes #fasteners #fun",197_12-04-2021
CXcYT6iAmXp,https://www.instagram.com/p/CXcYT6iAmXp/,"12/13/2021 7:38:42pm",image,93,1,"",1,"Installing new engine cowling shock and vibration bumpers today. If anybody knows where we can find some more new ones please let me know.
mrdouglas.org
.
.
.
.
.
# rubber #avationlovers #restoration #vibration # aircraft #cowling #dc3",199_12-13-2021
CYRvdetJlaM,https://www.instagram.com/p/CYRvdetJlaM/,"01/03/2022 1:00:44pm",carousel,203,4,"",3,"A snowy night in Tennessee! Now that Winter's here, it will soon be over!
mrdouglas.org
.
.
.
.
.
#winter #photooftheday #dc3dakota
#fun",201_01-03-2022
CYrJvhdh_bk,https://www.instagram.com/p/CYrJvhdh_bk/,"01/13/2022 10:00:43am",video,98,6,"",1,"Cowl flaps on the left engine cowling have been refurbished, now we're trying to figure out how they go back on! It's a labor of love!
#fun
.
.
.
.
.
#dc3restoration #pratwhitney #donalddouglas #boeingcompany #boeinglovers #donate #laboroflove #radialengine",203_01-13-2022
CZGWQTDAy05,https://www.instagram.com/p/CZGWQTDAy05/,"01/23/2022 11:20:14pm",carousel,114,4,"",4,"Clean, repair then paint! We've been doing this a lot. Sure is going to be nice when we are all done.",205_01-23-2022
CZcMf5ihNps,https://www.instagram.com/p/CZcMf5ihNps/,"02/01/2022 11:03:38am",video,73,0,"",1,"Lots of little pieces parts that make these cowl flaps work! We're paying attention to every detail!
mrdouglas.org
.
.
.
.
.
#gettingitdone #dc3restoration #dc3lovers #skyporn #mechanicporn #photooftheday",207_02-01-2022
CZhJGOKr4or,https://www.instagram.com/p/CZhJGOKr4or/,"02/03/2022 9:04:45am",image,60,0,"",1,"Cleaned and replace the O-rings of the cowl flap hydraulic cylinder actuator. We will reinstall it on the cowling I'll attach the rods.
mrdouglas.org
.
.
.
.
#dc3lovers #photooftheday #mechanicporn #gettingitdone #boeingcompany #radialengine #donate #fun #dc3dakota",209_02-03-2022
CaThV9HA3nw,https://www.instagram.com/p/CaThV9HA3nw/,"02/22/2022 10:38:39pm",image,82,2,"",1,"Left cowling is ready for paint! Dick Higley and I finish the assembly today. Mark should paint it on Friday.
#mrdouglas.org
.
.
.
.
.
#dc3restoration #mechanicporn #dc3lovers #fun #radialengine #gettingitdone #dc3dakota #boeingcompany #aircraft #boeinglovers",211_02-22-2022
CaryEtYr54c,https://www.instagram.com/p/CaryEtYr54c/,"03/04/2022 8:46:37am",carousel,96,1,"",2,"Right and left engine cowlings complete!
mrdouglas.org
.
.
.
.
.
#dc3 #avationlovers #restoration #photooftheday #fun #boeingcompany",213_03-04-2022
Ca2ikywFBNd,https://www.instagram.com/p/Ca2ikywFBNd/,"03/08/2022 1:02:50pm",carousel,90,2,"",2,"Here are the overhauled auxiliary boost pumps! With a pic of how they looked when I sent them to Aircraft Accessories of Oklahoma, they have done a great job on them.
.
.
.
.
.
#fuel #fuelsystem #boeingcompany #fuelboostpump #pratwhitney #radialengine",215_03-08-2022
CbliyAwgpTK,https://www.instagram.com/p/CbliyAwgpTK/,"03/26/2022 8:08:56pm",carousel,79,14,"",2,"Let's charge these new Gill 88 deep cycle batteries. The DC-3 takes two in series to make a 24 volt system. They need to charge for 24 hours at 6 amps. We'll test them tomorrow to see how they charged.
#mrdouglas.org
.
.
.
.
.
#batteries #leadacidbattery #batterystorage #boeinglovers #dc3restoration #batterycharger #fun #photooftheday",217_03-26-2022
CbsFGnWA81e,https://www.instagram.com/p/CbsFGnWA81e/,"03/29/2022 9:12:36am",video,55,0,"",1,"Battery test",219_03-29-2022
CcJQrhRJNfO,https://www.instagram.com/p/CcJQrhRJNfO/,"04/09/2022 5:05:24pm","reel (reel)",296,7,"",1,(none),221_04-09-2022_reel
CcaU8LpOnjC,https://www.instagram.com/p/CcaU8LpOnjC/,"04/16/2022 8:07:44am",image,283,2,"",1,"Can't think of a better way to spend a Good Friday! Completing the reassembly right engine propeller all ADs complied with. Should be good for 5 years.
mrdouglas.org
.
.
.
.
.
.
#avationlovers #propeller #ads #dc3lovers #aircraftmaintenance",223_04-16-2022
Ccg7I6gs_00,https://www.instagram.com/p/Ccg7I6gs_00/,"04/18/2022 9:36:58pm",image,125,3,"",1,"Sleep tight Mr. D! We're putting fuel screens in tomorrow.
mrdouglas.org
.
.
.
.
#thegreatestjumpshipever #dc3",225_04-18-2022
Cc5uG3DLDs0,https://www.instagram.com/p/Cc5uG3DLDs0/,"04/28/2022 12:44:06pm",carousel,176,0,"",3,"Left engine instrumentation wiring has been completed including the vibrator. The vibrator actually is engaged when starting the engine it gives a 3 to 4 amp boost to help the engine start.
mrdouglas.org
.
.
.
.
.
#radialengine #engineinstruments #dc3 #followus",227_04-28-2022
Cdevp7PgML3,https://www.instagram.com/p/Cdevp7PgML3/,"05/12/2022 9:49:32pm",image,90,0,"",1,"Right engine feathering line installed to the prop governor. We also installed left engine hydraulic pump and lines. It was a good day!
mrdouglas.org
.
.
.
.
.
.
#sav_a_dc3 #radialengine #dc3 #photooftheday #airplanes #oilsystem  #prattandwhitney #engines",229_05-12-2022
CdmYj9vAAlA,https://www.instagram.com/p/CdmYj9vAAlA/,"05/15/2022 9:01:40pm",image,159,1,"",1,"Today was a good day! Are repairs to the oil tank we're successful. So we added 20 gallons of oil into the right engine. Then we pre-lubed it by using the feathering pump to pressurize the system. That clean oil was pumped through the oil screen Inlet into the whole engine, including the propeller dome.
.
.
.
.
#blackgold #texastea
#fun #dc3dakota #photooftheday",231_05-15-2022
CdqJM1dAJGF,https://www.instagram.com/p/CdqJM1dAJGF/,"05/17/2022 8:04:58am",video,123,1,"",1,"Right engine starter test. Both engines are turning strong on the new batteries. We will be checking the fuel systems next for leaks.
mrdouglas.org
.
.
.
.
.
#starter #dc3 #airplane #24volts",233_05-17-2022
Cd6yGxcpLKf,https://www.instagram.com/p/Cd6yGxcpLKf/,"05/23/2022 7:09:41pm",carousel,112,2,"",2,"A cloudy, foggy, drizzly day in Tennessee. Guess we'll do something inside! I removed all the placards and cleaned the throttle quadrant! Sure looks a lot better. But with fresh paint and some new placards it will be good as new!
mrdouglas.org
.
.
.
.
.
#restoration #airplanestuff #fun #photooftheday #conradhilton #donalddouglas #donatetoday #501c3 #boieng #dc3",235_05-23-2022
CeEqhhwph0o,https://www.instagram.com/p/CeEqhhwph0o/,"05/27/2022 3:15:50pm",carousel,103,3,"",2,"Only one way to check for fuel leaks!
So far so good. We know that two of the four tanks need repair. We are checking the two good ones now. No tank leaks! We will check the rest of the system tomorrow.
mrdouglas.org
.
.
.
.
.
#100ll #avgas #fossilfuels #funstuff #dc3 #crazyfuelprices #donatetoday",237_05-27-2022
CebZta7r1Ta,https://www.instagram.com/p/CebZta7r1Ta/,"06/05/2022 11:11:27am",carousel,86,2,"",3,"Completed prop governor cabling on the left side just need to start it and make final adjustments. Fuel system on the left side checks out fine, but we were not getting fuel pressure indication in the cockpit. We swapped the lines and stripped the fitting! Darn it so close.
mrdouglas.org
.
.
.
.
.
.
#photooftheday #fun #dc3restoration #pleasedonate",239_06-05-2022
CgSiJwzJJgp,https://www.instagram.com/p/CgSiJwzJJgp/,"07/21/2022 5:36:00pm",video,250,17,"Tullahoma Regional Airport",1,"Mister Douglas coming back to life! 3:01 PM we started the right engine. It's been 23 years! That 0 time Pratt & Whitney 1830 sure sounds sweet!
mrdouglas.org
.
.
.
.
.
#engines #airplanes #coolstuff #fun 
#pw1830engines #dc3#dc3restoration",241_07-21-2022
Cgh40UbBupp,https://www.instagram.com/p/Cgh40UbBupp/,"07/27/2022 4:41:30pm",image,223,3,"",1,"Ladies and Gentlemen, we are getting close to making this dream a reality!!!! But we need your help, we are trying to get verified by Meta (FB & Insta) and need more followers and interaction. We don't make the rules we just have to follow them. So if you can invite your old time skydiving friends, newer jumpers, aviation enthusiasts and anyone else you think that would be interested in seeing this flying skydiving museum to our page. We appreciate your help with this. #FlyMrDFly #DC3 #SAVADC3 #MrDouglas #Skydiving #RestorationProject #AlmostReadyToFly #SkydivingHistory",243_07-27-2022
ChTdxUuggXe,https://www.instagram.com/p/ChTdxUuggXe/,"08/15/2022 10:47:11pm",image,75,2,"",1,"We are resting now! See you in the morning.
mrdouglas.org
.
.
.
.
#dc3restoration #funstuff",245_08-15-2022
ChswsiGpLR-,https://www.instagram.com/p/ChswsiGpLR-/,"08/25/2022 6:33:34pm",image,167,3,"",1,"We put the nitrogen tank on the landing gear struts to see if they would hold pressure. Surprisingly after 23 years no leaks! Mark contributed that to a capful of brake fluid mixed in with the hydraulic fluid, it has kept the seals soft. The gear struts are holding pressure and with no leaks.
mrdouglas.org
.
.
.
.
.
#dc3lover #struts #hydrolics #cantgetenough #fun #dc3restoration #photooftheday",247_08-25-2022
CjJwnMqj36T,https://www.instagram.com/p/CjJwnMqj36T/,"09/30/2022 9:25:08pm","reel (reel)",2766,4,"Tullahoma, Tennessee",1,"Swing that Gear!",249_09-30-2022_reel
CkAZVc7AUqq,https://www.instagram.com/p/CkAZVc7AUqq/,"10/22/2022 2:37:02am",carousel,139,2,"",3,"Tom loves tight places! He is securing the new floorboards in the cabin of Mr. Douglas. 
mrdouglas.org
.
.
.
.
#cargofloor #dc3lover #reels #countersunk #funcional",251_10-22-2022
CkuRCnPjETa,https://www.instagram.com/p/CkuRCnPjETa/,"11/08/2022 9:09:45pm","reel (reel)",60,0,"",1,(none),253_11-08-2022_reel
ClFDQ0OpL62,https://www.instagram.com/p/ClFDQ0OpL62/,"11/17/2022 5:31:46pm",carousel,1236,29,"",6,"This bird was meant to fly! On November 13, 2022. This historic DC-3, Mister Douglas took to the skies once again! What a beautiful sight and sound to experience. There are only about 100 of these Majestic aircraft flying in the world today, and today we have one more! It's so important that we preserve our history for future generations to enjoy. SAV-A-DC-3 The Mr.Douglas Society Inc.
mrdouglas.org
.
.
.
.
.
#dc3 #dc3restoration #photooftheday #fun #taildragger #realpilot #philantrophy #donor #donatetoday",255_11-17-2022
ClHkb5shvQa,https://www.instagram.com/p/ClHkb5shvQa/,"11/18/2022 5:00:07pm",carousel,196,3,"",2,"Our dreams are becoming a reality!!! We know the old man has flown!!! You've seen the work we've done thus far and it is all due to our volunteers and donations from people around the world. But we want you to know it's not our dream to just refurbish Mr. Douglas and sit it in a museum, we want him to fly!!! This organization was started to refurbish, maintain, and operate Mr. D in all his glory!!! But we need all the help we can get. If you have the ability please follow the link below to make a small one time or monthly donation to to fund Mr. D well into the future!!!
https://www.paypal.com/donate/?hosted_button_id=GX4JFXT73PKHU",257_11-18-2022
ClJEkarvL5x,https://www.instagram.com/p/ClJEkarvL5x/,"11/19/2022 7:00:09am",image,125,2,"",1,"For everyone who has or has not seen this photo from @eddierapidphoto we will be selling 11x14"" prints of this photo soon. The first 10 prints will be a $75 donation plus shipping. Contact @tmpattersonjr79 for ordering details.",259_11-19-2022
CnYLuAfhH35,https://www.instagram.com/p/CnYLuAfhH35/,"01/13/2023 8:55:44pm","reel (reel)",33,1,"",1,(none),261_01-13-2023_reel
CnuKOchNhXw,https://www.instagram.com/p/CnuKOchNhXw/,"01/22/2023 9:44:16am",image,80,1,"",1,"Mr. Douglas has come a long, but we need still need your support ALL the way to the finish line! https://www.mrdouglas.org",263_01-22-2023
CnzGdeVMciE,https://www.instagram.com/p/CnzGdeVMciE/,"01/24/2023 7:47:34am",image,148,6,"",1,"Share this post please.",265_01-24-2023
Cn-r-oKpTz7,https://www.instagram.com/p/Cn-r-oKpTz7/,"01/28/2023 7:47:03pm",image,85,0,"",1,"Thanks #preferredairparts, Mr. Douglas likes his new pitot tube covers!
.
.
.
.
.
.
.
#publiccharity #501c3 #philanthropy #donate #donatetoday #foundation #fundraiser #fundraising #fun
#aircraft #dc3plane #fly #flying #fun #avnerd #avgeek #aviationlovers #pilot #pilotlife #radialengine #prattwhitney #pratt #pilotslife #photography #pilotlifestyle #aircraft #air #airplane #sky #boeingcompany",267_01-28-2023
CoYPY5HJu4m,https://www.instagram.com/p/CoYPY5HJu4m/,"02/07/2023 5:57:29pm",image,141,3,"",1,"We are working hard on the interior while it's cool out! Can't imagine doing this when it's 95 outside.",269_02-07-2023
CpFwJt5uAyx,https://www.instagram.com/p/CpFwJt5uAyx/,"02/25/2023 10:09:36am",image,64,1,"",1,"We are not selling any apparel! T-shirts, hats, hoodies, or any other promotional advertising. It is being put up by hackers! If you're not sure contact us directly.",271_02-25-2023
CpbaiHjJxWB,https://www.instagram.com/p/CpbaiHjJxWB/,"03/05/2023 8:03:58pm",carousel,111,1,"DeLand Municipal Airport",2,"Dallas made a new Jump Master harness. Dallas jumps with the round parachute guys. Dallas was a special ops Ranger in the military, decorated with two purple hearts. So we let him do whatever he wants, because we want to stay alive! LOL. Thanks Eddierapidphoto for volunteering.
mrdouglas.org
.
.
.
.
.
.
#roundparachute #fun #staticline
#military #jumpmaster #dc3aircraft 
#saftyfirst #hareness",273_03-05-2023
CsymL97gzW0,https://www.instagram.com/p/CsymL97gzW0/,"05/28/2023 10:42:31am",image,154,3,"",1,"Dallas fitted Mr.D with spiffy new wheel covers to preserve those expensive tires. Thanks to Nancy at the Jump Shack!
www.sav-a-dc3.org
.
.
.
.
#fancy #wheels #dc3aircraft
#aircraftrestoration #fun #dc3",275_05-28-2023
CtRMHWkA0MA,https://www.instagram.com/p/CtRMHWkA0MA/,"06/09/2023 7:54:13am","reel (reel)",180,4,"DeLand, Florida",1,"Let's transfer some fuel!
Check out our new website
#sav-a-dc3.org
.
.
.
.
.
#mrdouglas.org #dc3aircraft #restoration #fun #e",277_06-09-2023_reel
CtX61WoR3f_,https://www.instagram.com/p/CtX61WoR3f_/,"06/11/2023 10:34:50pm",image,92,0,"",1,"Our emergency exits are really coming together! Thanks Ann Sweeney for sewing the fabric trim pieces really turned out nice. They are made from the fabric that was installed on the bulkhead, it's also the same fabric that's on the air duct. It was originally installed for Conrad Hilton in 1956.
www.mrdouglas.org
.
.
.
.
.
#sav_a_dc3.org #hiltonfoundation #parishilton #hiltonhotel #dc3 #restoration #photooftheday #pilot",279_06-11-2023
CuFf8d5pk6k,https://www.instagram.com/p/CuFf8d5pk6k/,"06/29/2023 3:24:56pm",image,64,0,"",1,"What you doing Dick? I see you got the black walnut trim around the windows that looks pretty nice! Aren’t you gonna say something? Oh that’s right this is a photo lol.
mrdouglas.org
.
.
.
.
#savadc3 #avgeek #dc3lovers",281_06-29-2023
CuaF57CJ0AO,https://www.instagram.com/p/CuaF57CJ0AO/,"07/07/2023 3:21:27pm",image,119,2,"",1,"Dick and I trimmed out the cabinet housing the hydraulic system. Turned out real nice! That new trim will look really good once I rub some teakwood oil on them.
sav-a-dc3.org
.
.
.
.
.
#dc3lovers #dc3 #dc3forever #dc3restoration",283_07-07-2023
CuvFoj9JWWI,https://www.instagram.com/p/CuvFoj9JWWI/,"07/15/2023 7:03:08pm",carousel,89,1,"",3,"New stress panel screw holes. Can’t wait to see if they lineup! 
www.mrdouglas.org
.
.
.
.
#dc3engineering #stressmanagement #avporn #aircraft #dc3lovers #restoration #donors.",285_07-15-2023
Cw0y0LcRSxf,https://www.instagram.com/p/Cw0y0LcRSxf/,"09/05/2023 5:16:56pm",carousel,131,1,"",3,"Stress Panels turned out great! Soon they will be ready for paint! like to thank our hard-working volunteers that made this happen. Not a lot of material expense just a lot of labor.
mrdouglas.org 
.
.
.
.
#dc3lovers #donalddouglas #dc3restoration #photooftheday 
#fun",287_09-05-2023
Cy3SnacgwCD,https://www.instagram.com/p/Cy3SnacgwCD/,"10/26/2023 9:36:04am",image,219,10,"",1,"It’s time to upgrade the instrument panel. This donated scaffolding  well make the job easier and safe.",289_10-26-2023
CzKHl1jrWV3,https://www.instagram.com/p/CzKHl1jrWV3/,"11/02/2023 5:05:19pm",carousel,79,3,"",2,"Spent most of the day today, working on our new leather seats. These babies are going to be nice! Thanks Joey Da Stitch! 
mrdouglas.org 
.
.
.
.
#upholstery #Leather #interior",291_11-02-2023
CzNEPnvRBaj,https://www.instagram.com/p/CzNEPnvRBaj/,"11/03/2023 8:33:47pm",carousel,97,6,"",3,"Our newest donation! Gary Dupree‘s old work vehicle. It’s a 1985 F-250 pick up with a Reading tool box bed. Dallas is breaking it in. We are parked under the wing of the airplane. And we would like to thank Doug Richards for donating this awesome truck. Gary Dupree used to own Mr. Douglas back in the 70s. I know he’ll be happy looking down and seeing it being put to good use.",293_11-03-2023
CzThetdARQX,https://www.instagram.com/p/CzThetdARQX/,"11/06/2023 7:44:42am",image,38,0,"DeLand Municipal Airport",1,"Dallas reassembling the pilot and copilot seat frames, in the shade of Mr. Douglas. Everyone loves this old airplane. mrdouglas.org
.
.
.
#photooftheday",295_11-06-2023
CzgPb4Gg3YJ,https://www.instagram.com/p/CzgPb4Gg3YJ/,"11/11/2023 6:17:09am",carousel,101,8,"",2,"Customize, leather seats. For one of the most highly customized DC3’s about to be flying again!!
mrdouglas.org",297_11-11-2023
Cz7H1XnxLrz,https://www.instagram.com/p/Cz7H1XnxLrz/,"11/21/2023 4:50:13pm",image,103,15,"",1,"We love, hand scraping old duct tape adhesive off floor! A good prep for paint is everything. It’s going to look good in gray. 
mrdouglas.org",299_11-21-2023
Cz93SIZxvHJ,https://www.instagram.com/p/Cz93SIZxvHJ/,"11/22/2023 6:27:46pm","reel (reel)",52,5,"",1,(none),301_11-22-2023_reel
C0alFfEgo9T,https://www.instagram.com/p/C0alFfEgo9T/,"12/03/2023 10:02:17pm",carousel,67,2,"",3,"Dick Higley, the anointed one supervising the installation of the rotating beacon.",303_12-03-2023
C02x8Gkg3tw,https://www.instagram.com/p/C02x8Gkg3tw/,"12/14/2023 8:53:20pm",image,116,8,"",1,"Embry Riddle Aeronautical University students volunteer to help out on the compression check! All cylinders holding perfect pressure! Time to cowl them up, let’s run them hard.",305_12-14-2023
C4MX60dx7bR,https://www.instagram.com/p/C4MX60dx7bR/,"03/06/2024 7:43:26pm",image,278,44,"",1,"Time for spring cleaning! Where are my Embry Riddle volunteers?",307_03-06-2024
C4wQ27jx4mK,https://www.instagram.com/p/C4wQ27jx4mK/,"03/20/2024 7:14:24pm",image,180,16,"",1,"DC-3 tail wheel fairing was part of the speed kit installed on Mr. Douglas in the 50s. Dick Higley and I reinstalled it this morning.
mrdouglas.org 
.
.
.
.
#aircraft #avporn #fun #dc3plane 
#picoftheday #dc3restoration",309_03-20-2024
C5RlvO5Rz_D,https://www.instagram.com/p/C5RlvO5Rz_D/,"04/02/2024 5:51:47pm",image,165,6,"",1,"John Mackenson and Stacy up on the right engine of Mr. Douglas. We finally received our magneto back. So we installed it yesterday. This morning, we started it up! Timing was right on. Thanks John for your help.",311_04-02-2024
C5b8q7QR9Zf,https://www.instagram.com/p/C5b8q7QR9Zf/,"04/06/2024 6:24:35pm",image,167,7,"DeLand Municipal Airport",1,"It’s a beautiful Spring day. Embry Riddle volunteers helping clean the right hand landing light lens. After 23 years of just sitting, I guess you would say it’s time. The reflector polished up real nice. The old lightbulb still works!",313_04-06-2024
C8W4K_FxxYP,https://www.instagram.com/p/C8W4K_FxxYP/,"06/18/2024 8:43:15am",carousel,157,17,"",2,"We are setting up a trust inside The Mr. Douglas Society, Inc. charity. The principal funds of the trust cannot be spent, only the interest or profit from investment can be used by the charity. We are hoping to raise $50,000 By selling these legacy plaques on the jump seats of Mr. Douglas. Your name will forever be apart of the Mr. Douglas flying museum. The Mr. Douglas Society is a 501(c)(3) public charity. All donations are 100% tax deductible. We are also able to receive property. Or items of value that can be sold to benefit the charity. So please include us as on your list of charitable giving. Let’s keep Mr. Douglas flying long after we’re gone.",315_06-18-2024
C8fSV-CRtiG,https://www.instagram.com/p/C8fSV-CRtiG/,"06/21/2024 3:05:52pm",image,93,19,"",1,"Wiring harness ready for installation of our new Garmin radios. Will be squawking and talking before you know it.",317_06-21-2024
C8pchb5Rn7s,https://www.instagram.com/p/C8pchb5Rn7s/,"06/25/2024 1:47:13pm",image,187,14,"",1,"Stacy posing for the camera, after securing the overhauled right magneto block. Thanks S&T Aircraft Accessories for just happen to have a couple of these on the shelf. Right engine, magneto fixed!",319_06-25-2024
C9kuPKkRyBn,https://www.instagram.com/p/C9kuPKkRyBn/,"07/18/2024 2:17:12pm",image,111,34,"",1,"New Garmin stuff going in today!",321_07-18-2024
C--pDPdxADc,https://www.instagram.com/p/C--pDPdxADc/,"08/22/2024 12:23:32pm",image,125,6,"",1,"Starting to power up some of our new radios! We are winning this battle, but the war is not over yet! Just want to thank all our volunteers and donors that I’ve been so kind and generous to make this happen.
mrdouglas.org
.
.
.
.
.",323_08-22-2024
C_IrK0pxzWc,https://www.instagram.com/p/C_IrK0pxzWc/,"08/26/2024 9:59:50am","reel (reel)",66,2,"",1,"One of our Mechanic volunteers was obsessed by how dirty our wheel wells were! Zach decided to do something about it! Great way to spend your Sunday",325_08-26-2024_reel
DFoGeMuRWWD,https://www.instagram.com/p/DFoGeMuRWWD/,"02/03/2025 4:57:50pm",image,55,6,"",1,"Joey the Stitch cutting out pieces of the carpet for Mr. Douglas. The first pieces will go under the windows. Special thanks to Mohawk for donating the carpet.",327_02-03-2025
DKars0kxvdf,https://www.instagram.com/p/DKars0kxvdf/,"06/02/2025 7:35:43pm","reel (reel)",96,2,"",1,"Center section repairs complete! Time to get the wing back on and make this puppy fly!",329_06-02-2025_reel
DTd84tmgFmY,https://www.instagram.com/p/DTd84tmgFmY/,"01/13/2026 5:41:11pm",image,111,11,"",1,"Welcome Back Mr. Douglas! Coming this March at Skydive DeLand. We will be training our crew in the next few weeks and we will keep you posted, as to the date of the first to be manifested. As Roger Nelson used to say. “ LET THE PARTY BEGIN.”",331_01-13-2026
DUt_c-QgO1q,https://www.instagram.com/p/DUt_c-QgO1q/,"02/13/2026 7:42:52pm",image,331,43,"",1,"Happy Valentine’s Day! Time to share the love. After 7 1/2 years of, restoration, Mr. Douglas is ready to take to the skies. We are planning to fly his first load March 14, 2026. We are very excited about this moment. Come and enjoy it with us at Skydive DeLand. We will keep you posted as the first load fills.",333_02-13-2026
DU4RaXwAGb9,https://www.instagram.com/p/DU4RaXwAGb9/,"02/17/2026 7:33:44pm","reel (reel)",75,7,"",1,"Five left and cut!",335_02-17-2026_reel
DW2aA6xlP8V,https://www.instagram.com/p/DW2aA6xlP8V/,"04/07/2026 8:11:40pm",carousel,3,19,"Skydive DeLand",20,"DC-3 Jump ✅",337_04-07-2026
DW5-LFpADpG,https://www.instagram.com/p/DW5-LFpADpG/,"04/09/2026 5:25:59am",image,296,22,"",1,(none),339_04-09-2026
DXfaPcPiVoA,https://www.instagram.com/p/DXfaPcPiVoA/,"04/23/2026 6:22:31pm",image,53,3,"Skydive DeLand",1,"My image gallery for ""The Return of Mr. Douglas” is now available for viewing, read the description on top of the gallery above thumbnails. Message me with questions.",341_04-23-2026
DXh5kpBjyGf,https://www.instagram.com/p/DXh5kpBjyGf/,"04/24/2026 5:34:50pm","reel (reel)",77,6,"",1,(none),343_04-24-2026_reel
